ScanId,Uid,CreatedOn,Payload,DataType,FileName,Status,DeletedOn,TblUserss
00a8c28a-3de2-47db-ac40-7edaa05f6256,62,9/9/2019 9:22:14 AM,1,1e,1,1,,
0276c2a4-0f50-41ed-b01d-afd2f56e7aee,6,9/3/2019 5:24:50 PM,abc,abc,abc,0,9/3/2019 12:00:00 AM,
02d6f1a5-f7fa-4a70-bb66-55fab21e465b,6,9/3/2019 4:35:40 PM,abc,abc,abc,0,9/3/2019 12:00:00 AM,
06480e17-fbc1-426a-a37a-449c2fc305e4,6,9/3/2019 5:32:20 PM,abc,abc,abc,0,9/3/2019 12:00:00 AM,
073893b9-c655-4d11-82ed-0817844430e8,6,9/3/2019 4:34:08 PM,abc,abc,abc,0,9/3/2019 12:00:00 AM,
0acafc14-cd44-404d-9949-857fabf7de7e,62,9/9/2019 9:06:18 AM,888,888,888,888,,
1,6,8/30/2019 3:15:44 PM,fdfnnnfssd,fxxxfs,nvvvl,0,9/3/2019 12:00:00 AM,
10,8,9/2/2019 12:00:00 AM,ppppp,ppppp,ppppp,0,9/3/2019 12:00:00 AM,
13,6,9/2/2019 12:00:00 AM,yyy,yyy,y,0,9/3/2019 12:00:00 AM,
15,6,9/2/2019 12:00:00 AM,,,,,9/3/2019 12:00:00 AM,
15bc4f92-6416-4f5f-bd67-284820edc006,6,9/3/2019 4:35:44 PM,abc,abc,abc,0,9/3/2019 12:00:00 AM,
16479cac-9403-49cd-b028-1e0f6d05b78c,6,9/3/2019 4:34:10 PM,abc,abc,abc,0,9/3/2019 12:00:00 AM,
17,6,9/2/2019 12:00:00 AM,rrqwet,erte,rw,0,9/3/2019 12:00:00 AM,
175e66a0-502a-4c1e-a33d-65da0cafe37c,6,9/3/2019 5:24:36 PM,abc,abc,abc,0,9/3/2019 12:00:00 AM,
179a83fe-fea4-484d-b216-e524335465d8,6,9/3/2019 4:44:33 PM,abc,abc,abc,0,9/3/2019 12:00:00 AM,
1896bbcc-b45d-4284-89dc-0d4baf3e315e,6,9/3/2019 2:44:44 PM,abc,abc,abc,0,9/3/2019 12:00:00 AM,
19,6,9/3/2019 12:00:00 AM,ewrerwer,uerwerewr,ửerwewre,0,9/3/2019 12:00:00 AM,
1a4b724a-2cce-43d0-8151-70a368c18d00,6,9/3/2019 5:24:23 PM,abc,abc,abc,0,9/3/2019 12:00:00 AM,
1f65ad29-0db4-4780-9082-aa224cf0c144,6,9/3/2019 5:40:04 PM,abc,abc,abc,0,9/3/2019 12:00:00 AM,
1fb9d925-0320-489a-b72b-34f5bd5391b4,6,9/3/2019 4:08:42 PM,abc,abc,abc,0,9/3/2019 12:00:00 AM,
2,6,8/30/2019 3:37:11 PM,fdfnnnssssssssssssssssfssd,fxxxssssssssssssssssfs,nvssssssssssssssvvl,0,9/4/2019 12:00:00 AM,
20,6,9/3/2019 12:00:00 AM,sédfsdf,s,df,0,9/3/2019 12:00:00 AM,
21,6,9/3/2019 12:00:00 AM,,,,,9/3/2019 12:00:00 AM,
219ee7a6-e7ab-4788-bd84-63abc44a85ea,6,9/3/2019 5:32:16 PM,abc,abc,abc,0,9/3/2019 12:00:00 AM,
21f169a2-af49-4843-92fd-95682e2c872c,6,9/3/2019 5:32:36 PM,abc,abc,abc,0,9/3/2019 12:00:00 AM,
22,6,9/3/2019 12:00:00 AM,212,2121,2121,0,9/3/2019 12:00:00 AM,
23,8,9/3/2019 12:00:00 AM,222,3333,444,0,9/3/2019 12:00:00 AM,
244aff44-95ce-4699-aeb3-dde2ba11fcbf,6,9/3/2019 2:44:28 PM,abc,abc,abc,0,9/3/2019 12:00:00 AM,
244ead69-50a5-4405-b27e-bd6cdbbea2ba,62,9/10/2019 4:57:29 AM,33,33,33,33,,
25ef88b2-b77a-47b4-9297-b2116e3ae908,6,9/3/2019 4:35:49 PM,abc,abc,abc,0,9/3/2019 12:00:00 AM,
2b720720-3b27-4f9f-a710-37f3795aebc4,6,9/3/2019 5:40:44 PM,abc,abc,abc,0,9/3/2019 12:00:00 AM,
2cbe7a00-a227-4e8c-95b5-1940d008e4f9,6,9/3/2019 5:24:44 PM,abc,abc,abc,0,9/3/2019 12:00:00 AM,
2dbcea17-a9d7-4f98-a5c9-46f9333f23af,62,9/10/2019 3:52:24 AM,22,22a,22,22,,
30294bfa-9bfd-4153-a56f-303f1a635ed3,6,9/3/2019 4:06:55 PM,abc,abc,abc,0,9/3/2019 12:00:00 AM,
30db374d-e231-45d8-a1f4-e95758f09573,6,9/3/2019 5:40:10 PM,abc,abc,abc,0,9/3/2019 12:00:00 AM,
335e8b87-9ad4-4096-bc9c-999ab9cfb17b,62,9/9/2019 7:55:23 AM,fff,fff,fff,1,9/9/2019 12:00:00 AM,
348aa170-560c-4af8-927c-2bcbe3eaeb6d,6,9/3/2019 2:44:31 PM,abc,abc,abc,0,9/3/2019 12:00:00 AM,
37ba3b63-7ed3-4b53-95dc-142ba76b8a65,6,9/3/2019 2:39:49 PM,abc,abc,abc,0,9/3/2019 12:00:00 AM,
38d8474c-b45b-4a7a-a9d9-10903360b178,62,9/10/2019 3:51:51 AM,11,11,11,111,,
38f23e75-21ba-4866-98d2-ab635f0f5a85,6,9/3/2019 5:32:31 PM,abc,abc,abc,0,9/3/2019 12:00:00 AM,
39545c04-6e8e-467f-88a2-5b07c8adc380,62,9/9/2019 10:19:33 AM,4,4a,4,4,9/9/2019 12:00:00 AM,
4b231f6d-93cf-428f-9650-d4a9984eab36,18,9/5/2019 3:21:52 AM,222,222,222,222,9/9/2019 12:00:00 AM,
52984bc9-4969-4401-8461-38d3af6d24e1,6,9/3/2019 4:46:44 PM,abc,abc,abc,0,9/3/2019 12:00:00 AM,
564fd831-9ba9-4cc5-a325-54f6b19c6fe4,6,9/3/2019 5:23:03 PM,abc,abc,abc,0,9/3/2019 12:00:00 AM,
59686a2f-c53f-4c7f-982c-0bf5d3fb8efe,6,9/3/2019 2:39:53 PM,abc,abc,abc,0,9/3/2019 12:00:00 AM,
597628b3-3461-4d4c-9b70-afefe8a00fca,6,9/3/2019 5:40:49 PM,abc,abc,abc,0,9/3/2019 12:00:00 AM,
5b951833-e6bd-41f0-97a2-38fe87bd339c,6,9/3/2019 5:24:39 PM,abc,abc,abc,0,9/3/2019 12:00:00 AM,
5c2210f6-d555-49ac-b5e8-ac4c769fc7ee,6,9/3/2019 4:39:44 PM,abc,abc,abc,0,9/3/2019 12:00:00 AM,
5c3559d9-c7d9-406f-b665-ee4496e80418,62,9/9/2019 8:50:14 AM,1111,777,777,1111,9/10/2019 12:00:00 AM,
5ca1c116-6235-4587-97d1-60e9e455ab7c,6,9/3/2019 4:39:59 PM,abc,abc,abc,0,9/3/2019 12:00:00 AM,
5f07c697-e355-44b6-b701-ab7806a68c6c,6,9/3/2019 2:55:53 PM,abc,abc,abc,0,9/3/2019 12:00:00 AM,
6,6,9/2/2019 12:00:00 AM,,,,,9/4/2019 12:00:00 AM,
61b8206a-5dfb-4d9c-a620-6256a4704282,62,9/9/2019 9:21:23 AM,999,999,999,999,,
61f0bf92-87a6-4e47-9cd1-3e52e6f79049,6,9/3/2019 5:40:19 PM,abc,abc,abc,0,9/3/2019 12:00:00 AM,
63cc7915-d206-4441-8ee0-794dcba1bcf9,62,9/9/2019 8:49:41 AM,555,555,555,555,9/9/2019 12:00:00 AM,
63d67d65-3328-40c9-91c6-bc0c0b360b7a,6,9/3/2019 2:41:47 PM,abc,abc,abc,0,9/3/2019 12:00:00 AM,
69627d5e-962a-4817-9172-3d57d912870d,6,9/3/2019 4:39:56 PM,abc,abc,abc,0,9/3/2019 12:00:00 AM,
69da41a3-79ce-49e6-b212-00cbe29b0fcf,6,9/3/2019 2:47:39 PM,abc,abc,abc,0,9/3/2019 12:00:00 AM,
6f27a55f-e263-4c3e-8b78-6d1684f2907a,6,9/3/2019 4:46:40 PM,abc,abc,abc,0,9/3/2019 12:00:00 AM,
6f647bee-3918-4145-a2f1-45d5e06d72e4,6,9/3/2019 5:40:41 PM,abc,abc,abc,0,9/3/2019 12:00:00 AM,
7,8,9/2/2019 12:00:00 AM,gfggggg,gggggg,gggggg,0,9/3/2019 12:00:00 AM,
70373ce6-9ddc-41e4-8256-5e34ccb988af,18,9/6/2019 11:29:49 AM,502,502,333,333,9/9/2019 12:00:00 AM,
70e43616-135e-4ec1-9164-6454bf79aa07,6,9/3/2019 5:32:06 PM,abc,abc,abc,0,9/3/2019 12:00:00 AM,
711456d2-ab4f-432e-a3db-58825e0138d4,62,9/9/2019 8:49:26 AM,444,444a,444,444,9/9/2019 12:00:00 AM,
72ae95a6-1ecb-4d64-a37a-9b005567e08f,6,9/3/2019 2:32:56 PM,abc,abc,abc,0,9/3/2019 12:00:00 AM,
7ab65790-545a-4d50-8c3f-e72380ca27ee,6,9/3/2019 2:41:50 PM,abc,abc,abc,0,9/3/2019 12:00:00 AM,
7c318af3-02e7-4fb7-8ed3-e5a3d0fcc752,6,9/3/2019 2:49:24 PM,abc,abc,abc,0,9/3/2019 12:00:00 AM,
7d31746e-d319-482e-a7f9-a435017b3ba7,6,9/3/2019 5:40:07 PM,abc,abc,abc,0,9/3/2019 12:00:00 AM,
7d3ad843-f77b-4e5e-b1aa-bc06671fad53,6,9/3/2019 5:40:33 PM,abc,abc,abc,0,9/3/2019 12:00:00 AM,
8,8,9/2/2019 12:00:00 AM,iiii,iiiiii,iiiii,0,9/3/2019 12:00:00 AM,
83179b17-b209-4f94-b51a-6a03447c9cd9,6,9/3/2019 5:24:58 PM,abc,abc,abc,0,9/3/2019 12:00:00 AM,
8351a9aa-0b91-4c17-8a42-c7560e1d93ff,62,9/9/2019 11:32:21 AM,test,111,test,111111,,
844a4db6-bdbc-4536-b5f6-a68f737aaf4b,6,9/3/2019 4:44:31 PM,abc,abc,abc,0,9/3/2019 12:00:00 AM,
84da92f6-c2d3-4fa2-9ec0-805c069ad247,6,9/3/2019 4:35:29 PM,abc,abc,abc,0,9/3/2019 12:00:00 AM,
86db8dd8-8dd2-4423-87d9-6945c544075b,6,9/3/2019 5:32:27 PM,abc,abc,abc,0,9/3/2019 12:00:00 AM,
8cdc853c-c20c-47f5-8cb3-7268e10c0ebc,6,9/3/2019 4:08:38 PM,abc,abc,abc,0,9/3/2019 12:00:00 AM,
8d820ae3-f91e-4d8e-a1f6-830a51e55b66,6,9/3/2019 5:40:13 PM,abc,abc,abc,0,9/3/2019 12:00:00 AM,
8edd24a8-49ca-411a-8f8d-11eee2ba7fb0,62,9/9/2019 9:34:16 AM,2,2,2,2,,
9,8,9/2/2019 12:00:00 AM,ooooo,ooooo,ooooo,0,9/3/2019 12:00:00 AM,
90c06b0a-27ce-4ed0-942c-bf0c32ba5954,6,9/3/2019 5:24:46 PM,abc,abc,abc,0,9/3/2019 12:00:00 AM,
958a98c0-1323-4dc9-8ca0-28f05cb35d74,6,9/3/2019 4:34:13 PM,abc,abc,abc,0,9/3/2019 12:00:00 AM,
96c8cd5d-f593-4cf8-97dc-fe8dd795cc30,62,9/9/2019 8:19:44 AM,444,444a,444,444,9/9/2019 12:00:00 AM,
96cd6a93-b349-4b2f-9df8-7eb08ba4fbae,6,9/3/2019 2:47:33 PM,abc,abc,abc,0,9/3/2019 12:00:00 AM,
98764a65-7426-4091-834c-7e84988bd282,6,9/3/2019 2:55:32 PM,abc,abc,abc,0,9/3/2019 12:00:00 AM,
a348c512-9256-423f-a307-3da19e75b130,6,9/3/2019 2:39:57 PM,abc,abc,abc,0,9/3/2019 12:00:00 AM,
a599f9e7-512a-4273-9b46-78bd93ecb5b5,6,9/3/2019 4:46:36 PM,abc,abc,abc,0,9/3/2019 12:00:00 AM,
a8bdb492-9343-4c61-84d1-7253ba09176b,6,9/3/2019 5:40:36 PM,abc,abc,abc,0,9/3/2019 12:00:00 AM,
a9e9937a-14a8-4442-9fb1-1c9a3a3cead7,6,9/4/2019 9:55:53 AM,fdfnnnfssd,fxxxfs,nvvvl,0,9/4/2019 12:00:00 AM,
ab8fe9cd-a74d-4390-abc0-ba4af0b3036b,6,9/3/2019 2:55:43 PM,abc,abc,abc,0,9/3/2019 12:00:00 AM,
ad853101-bc87-4a8d-a9b4-4eea75646f2a,6,9/3/2019 5:24:42 PM,abc,abc,abc,0,9/3/2019 12:00:00 AM,
b5c4f5a3-f93e-4547-8e10-c268372a9ffe,6,9/3/2019 2:44:50 PM,abc,abc,abc,0,9/3/2019 12:00:00 AM,
b7450c63-8c5c-4577-af9b-457c1d3eff71,6,9/3/2019 2:55:40 PM,abc,abc,abc,0,9/3/2019 12:00:00 AM,
b8aefc8a-e798-45bc-a101-0d4ad014dbb2,6,9/3/2019 4:33:50 PM,abc,abc,abc,0,9/3/2019 12:00:00 AM,
ba230846-a97f-4033-9877-b94e02d4a3bc,6,9/3/2019 4:46:34 PM,abc,abc,abc,0,9/3/2019 12:00:00 AM,
c9e4d8eb-c9a8-4eb6-90e5-d47ae6dfafb7,6,9/3/2019 5:40:38 PM,abc,abc,abc,0,9/3/2019 12:00:00 AM,
cc151ebe-cc85-44d6-98e6-69f733b54516,6,9/3/2019 4:44:37 PM,abc,abc,abc,0,9/3/2019 12:00:00 AM,
ccd10c7c-3b82-4968-b9f0-dc595de6c09d,6,9/3/2019 2:55:48 PM,abc,abc,abc,0,9/3/2019 12:00:00 AM,
ceaaf837-04da-4922-ad6c-7468c831f376,6,9/3/2019 5:32:38 PM,abc,abc,abc,0,9/3/2019 12:00:00 AM,
d1ae9dc8-fdc5-4e64-a50c-c1fee5fa1e74,62,9/10/2019 3:45:21 AM,123,123,123,123,9/10/2019 12:00:00 AM,
d5215146-e711-4a54-b8a0-eb73b0053517,6,9/3/2019 5:32:34 PM,abc,abc,abc,0,9/3/2019 12:00:00 AM,
d6029e90-a186-4b48-b0cd-e994e9bc6ad4,6,9/3/2019 2:44:34 PM,abc,abc,abc,0,9/3/2019 12:00:00 AM,
d6143d0b-4085-4854-825c-698668330a49,6,9/3/2019 5:32:24 PM,abc,abc,abc,0,9/4/2019 12:00:00 AM,
d6f71f7b-8547-4471-b2c2-0abb20009877,6,9/3/2019 2:47:42 PM,abc,abc,abc,0,9/3/2019 12:00:00 AM,
d7a193e6-a99e-4aa0-b334-baa8660c05e1,6,9/3/2019 5:32:22 PM,abc,abc,abc,0,9/4/2019 12:00:00 AM,
d8836b1c-c529-4e4e-9e5b-dd6aec74747f,6,9/3/2019 4:46:47 PM,abc,abc,abc,0,9/3/2019 12:00:00 AM,
d92fec2d-a990-42ff-b20f-13e17e6acc6d,6,9/3/2019 4:39:47 PM,abc,abc,abc,0,9/3/2019 12:00:00 AM,
d9b1ad07-b5a6-4241-8c68-d2fb8aeb1ca3,6,9/3/2019 5:32:41 PM,abc,abc,abc,0,9/4/2019 12:00:00 AM,
d9e8b2eb-cf91-44ae-8cc7-e0dd707a95ea,6,9/3/2019 5:24:53 PM,abc,abc,abc,0,9/3/2019 12:00:00 AM,
dc315b79-df73-4f0b-a48d-2afb593c141f,62,9/9/2019 9:34:39 AM,3,3,3,3,,
dfb0a27b-84e1-4c63-a0d5-878dd596ff0f,6,9/3/2019 4:34:04 PM,abc,abc,abc,0,9/3/2019 12:00:00 AM,
e0e77349-41ff-460d-97b1-b877d75540ca,6,9/3/2019 2:55:35 PM,abc,abc,abc,0,9/3/2019 12:00:00 AM,
e2022703-53f5-4311-bc39-dd0a07f87c46,6,9/4/2019 2:45:50 PM,def,abc,abc,2048,9/5/2019 12:00:00 AM,
e48769a8-348b-4adb-902f-363c5340105f,6,9/3/2019 2:55:51 PM,abc,abc,abc,0,9/3/2019 12:00:00 AM,
e6f67e06-2a1c-4d3b-af2d-39f15e8ad5da,62,9/9/2019 8:16:41 AM,11,11,11,11,9/9/2019 12:00:00 AM,
e715bad6-a45a-421a-8231-ba1e566d2b36,6,9/3/2019 2:47:45 PM,abc,abc,abc,0,9/3/2019 12:00:00 AM,
e86ca818-6abf-47c5-84ff-47db2189124a,6,9/4/2019 2:48:27 PM,abc11,abc11,abc11,357,9/5/2019 12:00:00 AM,
e983d3e0-d763-499e-abe0-b258d98596e4,6,9/4/2019 2:44:52 PM,abc,abc,abc,135,9/4/2019 12:00:00 AM,
e9f01218-294f-41cd-b243-f87470c57be5,62,9/9/2019 8:49:57 AM,666,666,666,666,9/9/2019 12:00:00 AM,
eb5e5ba2-770f-4321-991a-e3c6bfaf39a8,6,9/3/2019 2:41:44 PM,abc,abc,abc,0,9/3/2019 12:00:00 AM,
ecb9c99e-dfcd-4851-a6f2-7d22caef513c,62,9/9/2019 8:34:56 AM,11,11,11,111,9/9/2019 12:00:00 AM,
eecffb90-dcb7-43e7-809d-48e6c240e002,6,9/3/2019 2:44:25 PM,abc,abc,abc,0,9/3/2019 12:00:00 AM,
f0829305-42d0-4160-bf77-d97721f07cbb,6,9/3/2019 2:41:53 PM,abc,abc,abc,0,9/3/2019 12:00:00 AM,
f4630091-0b7c-43f4-82a5-be7be5f318d0,6,9/4/2019 2:43:37 PM,abc,ddd,abc,27,9/4/2019 12:00:00 AM,
f7d9961c-07da-4f68-bcd3-71c7a21acfdd,6,9/3/2019 2:55:46 PM,abc,abc,abc,0,9/3/2019 12:00:00 AM,
f80d7ddc-3964-4d14-b22e-8ad6d41e1e9d,6,9/3/2019 4:39:41 PM,abc,abc,abc,0,9/3/2019 12:00:00 AM,
f9729b6a-9af3-474e-87b9-31617ea35dd3,6,9/3/2019 2:49:21 PM,abc,abc,abc,0,9/3/2019 12:00:00 AM,
faf7bdbe-6969-440a-886a-a5f5708bc622,6,9/3/2019 2:47:37 PM,abc,abc,abc,0,9/3/2019 12:00:00 AM,
fb85d5ba-f88b-408c-8630-0c1017f3664c,6,9/4/2019 3:20:35 PM,def,sss1,abc,1111,9/5/2019 12:00:00 AM,
fb9d3fc5-10f8-4bf8-950b-8d08ff256183,6,9/3/2019 2:39:24 PM,abc,abc,abc,0,9/3/2019 12:00:00 AM,
fc1139f9-14d2-4f9b-bd0b-65eeeaf9a3ad,6,9/4/2019 2:47:20 PM,abc,abc,abc,1024,9/5/2019 12:00:00 AM,
fd266fc4-63ca-4a91-916f-5512cd6d2be0,6,9/3/2019 4:08:47 PM,abc,abc,abc,0,9/3/2019 12:00:00 AM,
